"duration","credit_history","purpose","amount","age","housing","class"
6,"critical account/ other credits existing (not at this bank)","radio/television",1169,67,"own","Good"
48,"existing credits paid back duly till now","radio/television",5951,22,"own","Bad"
12,"critical account/ other credits existing (not at this bank)","education",2096,49,"own","Good"
42,"existing credits paid back duly till now","furniture/equipment",7882,45,"for free","Good"
24,"delay in paying off in the past","car (new)",4870,53,"for free","Bad"
36,"existing credits paid back duly till now","education",9055,35,"for free","Good"
24,"existing credits paid back duly till now","furniture/equipment",2835,53,"own","Good"
36,"existing credits paid back duly till now","car (used)",6948,35,"rent","Good"
12,"existing credits paid back duly till now","radio/television",3059,61,"own","Good"
30,"critical account/ other credits existing (not at this bank)","car (new)",5234,28,"own","Bad"
12,"existing credits paid back duly till now","car (new)",1295,25,"rent","Bad"
48,"existing credits paid back duly till now","business",4308,24,"rent","Bad"
12,"existing credits paid back duly till now","radio/television",1567,22,"own","Good"
24,"critical account/ other credits existing (not at this bank)","car (new)",1199,60,"own","Bad"
15,"existing credits paid back duly till now","car (new)",1403,28,"rent","Good"
24,"existing credits paid back duly till now","radio/television",1282,32,"own","Bad"
24,"critical account/ other credits existing (not at this bank)","radio/television",2424,53,"own","Good"
30,"no credits taken/ all credits paid back duly","business",8072,25,"own","Good"
24,"existing credits paid back duly till now","car (used)",12579,44,"for free","Bad"
24,"existing credits paid back duly till now","radio/television",3430,31,"own","Good"
9,"critical account/ other credits existing (not at this bank)","car (new)",2134,48,"own","Good"
6,"existing credits paid back duly till now","radio/television",2647,44,"rent","Good"
10,"critical account/ other credits existing (not at this bank)","car (new)",2241,48,"rent","Good"
12,"critical account/ other credits existing (not at this bank)","car (used)",1804,44,"own","Good"
10,"critical account/ other credits existing (not at this bank)","furniture/equipment",2069,26,"own","Good"
6,"existing credits paid back duly till now","furniture/equipment",1374,36,"own","Good"
6,"no credits taken/ all credits paid back duly","radio/television",426,39,"own","Good"
12,"all credits at this bank paid back duly","radio/television",409,42,"rent","Good"
7,"existing credits paid back duly till now","radio/television",2415,34,"own","Good"
60,"delay in paying off in the past","business",6836,63,"own","Bad"
18,"existing credits paid back duly till now","business",1913,36,"own","Good"
24,"existing credits paid back duly till now","furniture/equipment",4020,27,"own","Good"
18,"existing credits paid back duly till now","car (new)",5866,30,"own","Good"
12,"critical account/ other credits existing (not at this bank)","business",1264,57,"rent","Good"
12,"existing credits paid back duly till now","furniture/equipment",1474,33,"own","Good"
45,"critical account/ other credits existing (not at this bank)","radio/television",4746,25,"own","Bad"
48,"critical account/ other credits existing (not at this bank)","education",6110,31,"for free","Good"
18,"existing credits paid back duly till now","radio/television",2100,37,"own","Bad"
10,"existing credits paid back duly till now","domestic appliances",1225,37,"own","Good"
9,"existing credits paid back duly till now","radio/television",458,24,"own","Good"
30,"existing credits paid back duly till now","radio/television",2333,30,"own","Good"
12,"existing credits paid back duly till now","radio/television",1158,26,"own","Good"
18,"delay in paying off in the past","repairs",6204,44,"own","Good"
30,"critical account/ other credits existing (not at this bank)","car (used)",6187,24,"rent","Good"
48,"critical account/ other credits existing (not at this bank)","car (used)",6143,58,"for free","Bad"
11,"critical account/ other credits existing (not at this bank)","car (new)",1393,35,"own","Good"
36,"existing credits paid back duly till now","radio/television",2299,39,"own","Good"
6,"existing credits paid back duly till now","car (used)",1352,23,"rent","Good"
11,"critical account/ other credits existing (not at this bank)","car (new)",7228,39,"own","Good"
12,"existing credits paid back duly till now","radio/television",2073,28,"own","Good"
24,"delay in paying off in the past","furniture/equipment",2333,29,"own","Good"
27,"delay in paying off in the past","car (used)",5965,30,"own","Good"
12,"existing credits paid back duly till now","radio/television",1262,25,"own","Good"
18,"existing credits paid back duly till now","car (used)",3378,31,"own","Good"
36,"delay in paying off in the past","car (new)",2225,57,"for free","Bad"
6,"all credits at this bank paid back duly","car (new)",783,26,"own","Good"
12,"existing credits paid back duly till now","radio/television",6468,52,"own","Bad"
36,"critical account/ other credits existing (not at this bank)","radio/television",9566,31,"own","Good"
18,"existing credits paid back duly till now","car (new)",1961,23,"own","Good"
36,"critical account/ other credits existing (not at this bank)","furniture/equipment",6229,23,"rent","Bad"
9,"existing credits paid back duly till now","business",1391,27,"own","Good"
15,"critical account/ other credits existing (not at this bank)","radio/television",1537,50,"own","Good"
36,"no credits taken/ all credits paid back duly","business",1953,61,"for free","Bad"
48,"no credits taken/ all credits paid back duly","business",14421,25,"own","Bad"
24,"existing credits paid back duly till now","radio/television",3181,26,"own","Good"
27,"existing credits paid back duly till now","repairs",5190,48,"own","Good"
12,"existing credits paid back duly till now","radio/television",2171,29,"own","Good"
12,"existing credits paid back duly till now","car (new)",1007,22,"own","Good"
36,"existing credits paid back duly till now","education",1819,37,"for free","Bad"
36,"existing credits paid back duly till now","radio/television",2394,25,"own","Good"
36,"existing credits paid back duly till now","car (used)",8133,30,"own","Good"
7,"critical account/ other credits existing (not at this bank)","radio/television",730,46,"rent","Good"
8,"critical account/ other credits existing (not at this bank)","others",1164,51,"for free","Good"
42,"critical account/ other credits existing (not at this bank)","business",5954,41,"own","Good"
36,"existing credits paid back duly till now","education",1977,40,"own","Bad"
12,"critical account/ other credits existing (not at this bank)","car (used)",1526,66,"for free","Good"
42,"existing credits paid back duly till now","radio/television",3965,34,"own","Bad"
11,"delay in paying off in the past","radio/television",4771,51,"own","Good"
54,"no credits taken/ all credits paid back duly","car (used)",9436,39,"own","Good"
30,"existing credits paid back duly till now","furniture/equipment",3832,22,"own","Good"
24,"existing credits paid back duly till now","radio/television",5943,44,"own","Bad"
15,"existing credits paid back duly till now","radio/television",1213,47,"own","Good"
18,"existing credits paid back duly till now","business",1568,24,"rent","Good"
24,"existing credits paid back duly till now","others",1755,58,"own","Good"
10,"existing credits paid back duly till now","radio/television",2315,52,"own","Good"
12,"critical account/ other credits existing (not at this bank)","business",1412,29,"own","Good"
18,"critical account/ other credits existing (not at this bank)","furniture/equipment",1295,27,"own","Good"
36,"existing credits paid back duly till now","education",12612,47,"for free","Bad"
18,"existing credits paid back duly till now","car (new)",2249,30,"own","Good"
12,"no credits taken/ all credits paid back duly","repairs",1108,28,"own","Bad"
12,"critical account/ other credits existing (not at this bank)","radio/television",618,56,"own","Good"
12,"critical account/ other credits existing (not at this bank)","car (used)",1409,54,"own","Good"
12,"critical account/ other credits existing (not at this bank)","radio/television",797,33,"own","Bad"
24,"critical account/ other credits existing (not at this bank)","furniture/equipment",3617,20,"rent","Good"
12,"existing credits paid back duly till now","car (new)",1318,54,"own","Good"
54,"no credits taken/ all credits paid back duly","business",15945,58,"rent","Bad"
12,"critical account/ other credits existing (not at this bank)","education",2012,61,"own","Good"
18,"existing credits paid back duly till now","business",2622,34,"own","Good"
36,"critical account/ other credits existing (not at this bank)","radio/television",2337,36,"own","Good"
20,"delay in paying off in the past","car (used)",7057,36,"rent","Good"
24,"existing credits paid back duly till now","car (new)",1469,41,"rent","Good"
36,"existing credits paid back duly till now","radio/television",2323,24,"rent","Good"
6,"delay in paying off in the past","radio/television",932,24,"own","Good"
9,"critical account/ other credits existing (not at this bank)","furniture/equipment",1919,35,"rent","Good"
12,"existing credits paid back duly till now","car (used)",2445,26,"rent","Good"
24,"critical account/ other credits existing (not at this bank)","others",11938,39,"own","Bad"
18,"all credits at this bank paid back duly","car (new)",6458,39,"own","Bad"
12,"existing credits paid back duly till now","car (new)",6078,32,"own","Good"
24,"existing credits paid back duly till now","furniture/equipment",7721,30,"own","Good"
14,"existing credits paid back duly till now","business",1410,35,"own","Good"
6,"delay in paying off in the past","business",1449,31,"own","Good"
15,"existing credits paid back duly till now","education",392,23,"rent","Good"
18,"existing credits paid back duly till now","car (new)",6260,28,"rent","Good"
36,"critical account/ other credits existing (not at this bank)","car (new)",7855,25,"own","Bad"
12,"existing credits paid back duly till now","radio/television",1680,35,"own","Good"
48,"critical account/ other credits existing (not at this bank)","radio/television",3578,47,"own","Good"
42,"existing credits paid back duly till now","radio/television",7174,30,"own","Bad"
10,"critical account/ other credits existing (not at this bank)","furniture/equipment",2132,27,"rent","Good"
33,"critical account/ other credits existing (not at this bank)","furniture/equipment",4281,23,"own","Bad"
12,"critical account/ other credits existing (not at this bank)","car (new)",2366,36,"own","Good"
21,"existing credits paid back duly till now","radio/television",1835,25,"own","Bad"
24,"critical account/ other credits existing (not at this bank)","car (used)",3868,41,"rent","Good"
12,"existing credits paid back duly till now","furniture/equipment",1768,24,"rent","Good"
10,"critical account/ other credits existing (not at this bank)","car (new)",781,63,"for free","Good"
18,"existing credits paid back duly till now","furniture/equipment",1924,27,"rent","Bad"
12,"critical account/ other credits existing (not at this bank)","car (new)",2121,30,"own","Good"
12,"existing credits paid back duly till now","radio/television",701,40,"own","Good"
12,"existing credits paid back duly till now","repairs",639,30,"own","Bad"
12,"critical account/ other credits existing (not at this bank)","car (used)",1860,34,"own","Good"
12,"critical account/ other credits existing (not at this bank)","car (new)",3499,29,"own","Bad"
48,"existing credits paid back duly till now","car (new)",8487,24,"own","Good"
36,"delay in paying off in the past","education",6887,29,"own","Bad"
15,"existing credits paid back duly till now","furniture/equipment",2708,27,"own","Good"
18,"existing credits paid back duly till now","furniture/equipment",1984,47,"for free","Good"
60,"existing credits paid back duly till now","radio/television",10144,21,"own","Good"
12,"critical account/ other credits existing (not at this bank)","radio/television",1240,38,"own","Good"
27,"delay in paying off in the past","car (used)",8613,27,"own","Good"
12,"existing credits paid back duly till now","radio/television",766,66,"own","Bad"
15,"critical account/ other credits existing (not at this bank)","radio/television",2728,35,"own","Good"
12,"existing credits paid back duly till now","radio/television",1881,44,"rent","Good"
6,"existing credits paid back duly till now","car (new)",709,27,"own","Good"
36,"existing credits paid back duly till now","radio/television",4795,30,"own","Good"
27,"existing credits paid back duly till now","radio/television",3416,27,"own","Good"
18,"existing credits paid back duly till now","furniture/equipment",2462,22,"own","Bad"
21,"critical account/ other credits existing (not at this bank)","furniture/equipment",2288,23,"own","Good"
48,"all credits at this bank paid back duly","business",3566,30,"own","Good"
6,"critical account/ other credits existing (not at this bank)","car (new)",860,39,"own","Good"
12,"critical account/ other credits existing (not at this bank)","car (new)",682,51,"own","Good"
36,"critical account/ other credits existing (not at this bank)","furniture/equipment",5371,28,"own","Good"
18,"critical account/ other credits existing (not at this bank)","radio/television",1582,46,"own","Good"
6,"existing credits paid back duly till now","radio/television",1346,42,"for free","Good"
10,"existing credits paid back duly till now","radio/television",1924,38,"own","Good"
36,"existing credits paid back duly till now","radio/television",5848,24,"own","Good"
24,"critical account/ other credits existing (not at this bank)","car (used)",7758,29,"rent","Good"
24,"delay in paying off in the past","business",6967,36,"rent","Good"
12,"existing credits paid back duly till now","furniture/equipment",1282,20,"rent","Bad"
9,"critical account/ other credits existing (not at this bank)","repairs",1288,48,"own","Good"
12,"all credits at this bank paid back duly","retraining",339,45,"own","Good"
24,"existing credits paid back duly till now","car (new)",3512,38,"own","Good"
6,"critical account/ other credits existing (not at this bank)","radio/television",1898,34,"own","Good"
24,"critical account/ other credits existing (not at this bank)","radio/television",2872,36,"own","Good"
18,"critical account/ other credits existing (not at this bank)","car (new)",1055,30,"own","Good"
15,"existing credits paid back duly till now","domestic appliances",1262,36,"own","Good"
10,"existing credits paid back duly till now","car (new)",7308,70,"for free","Good"
36,"existing credits paid back duly till now","car (new)",909,36,"own","Good"
6,"existing credits paid back duly till now","furniture/equipment",2978,32,"own","Good"
18,"existing credits paid back duly till now","furniture/equipment",1131,33,"own","Bad"
11,"existing credits paid back duly till now","furniture/equipment",1577,20,"own","Good"
24,"existing credits paid back duly till now","furniture/equipment",3972,25,"rent","Good"
24,"critical account/ other credits existing (not at this bank)","business",1935,31,"own","Bad"
15,"no credits taken/ all credits paid back duly","car (new)",950,33,"rent","Bad"
12,"existing credits paid back duly till now","furniture/equipment",763,26,"own","Good"
24,"delay in paying off in the past","furniture/equipment",2064,34,"own","Bad"
8,"existing credits paid back duly till now","radio/television",1414,33,"own","Good"
21,"delay in paying off in the past","education",3414,26,"own","Bad"
30,"all credits at this bank paid back duly","car (used)",7485,53,"own","Bad"
12,"existing credits paid back duly till now","furniture/equipment",2577,42,"own","Good"
6,"critical account/ other credits existing (not at this bank)","radio/television",338,52,"own","Good"
12,"existing credits paid back duly till now","radio/television",1963,31,"rent","Good"
21,"critical account/ other credits existing (not at this bank)","car (new)",571,65,"own","Good"
36,"delay in paying off in the past","business",9572,28,"own","Bad"
36,"delay in paying off in the past","business",4455,30,"own","Bad"
21,"all credits at this bank paid back duly","car (new)",1647,40,"own","Bad"
24,"critical account/ other credits existing (not at this bank)","furniture/equipment",3777,50,"own","Good"
18,"critical account/ other credits existing (not at this bank)","car (new)",884,36,"own","Bad"
15,"critical account/ other credits existing (not at this bank)","radio/television",1360,31,"own","Good"
9,"all credits at this bank paid back duly","car (used)",5129,74,"for free","Bad"
16,"critical account/ other credits existing (not at this bank)","car (new)",1175,68,"for free","Good"
12,"existing credits paid back duly till now","radio/television",674,20,"own","Bad"
18,"no credits taken/ all credits paid back duly","furniture/equipment",3244,33,"own","Good"
24,"existing credits paid back duly till now","business",4591,54,"own","Bad"
48,"no credits taken/ all credits paid back duly","business",3844,34,"for free","Bad"
27,"existing credits paid back duly till now","business",3915,36,"own","Bad"
6,"existing credits paid back duly till now","radio/television",2108,29,"rent","Good"
45,"existing credits paid back duly till now","radio/television",3031,21,"rent","Bad"
9,"critical account/ other credits existing (not at this bank)","education",1501,34,"own","Bad"
6,"critical account/ other credits existing (not at this bank)","radio/television",1382,28,"own","Good"
12,"existing credits paid back duly till now","furniture/equipment",951,27,"rent","Bad"
24,"existing credits paid back duly till now","car (used)",2760,36,"for free","Good"
18,"delay in paying off in the past","furniture/equipment",4297,40,"own","Bad"
9,"critical account/ other credits existing (not at this bank)","education",936,52,"own","Good"
12,"existing credits paid back duly till now","car (new)",1168,27,"own","Good"
27,"delay in paying off in the past","business",5117,26,"own","Good"
12,"existing credits paid back duly till now","retraining",902,21,"rent","Bad"
12,"critical account/ other credits existing (not at this bank)","car (new)",1495,38,"own","Good"
30,"critical account/ other credits existing (not at this bank)","car (used)",10623,38,"for free","Good"
12,"critical account/ other credits existing (not at this bank)","furniture/equipment",1935,43,"own","Good"
12,"critical account/ other credits existing (not at this bank)","domestic appliances",1424,26,"own","Good"
24,"existing credits paid back duly till now","business",6568,21,"own","Good"
12,"existing credits paid back duly till now","car (used)",1413,55,"own","Good"
9,"critical account/ other credits existing (not at this bank)","radio/television",3074,33,"own","Good"
36,"existing credits paid back duly till now","radio/television",3835,45,"own","Good"
27,"no credits taken/ all credits paid back duly","business",5293,50,"own","Bad"
30,"delay in paying off in the past","business",1908,66,"own","Bad"
36,"critical account/ other credits existing (not at this bank)","radio/television",3342,51,"own","Good"
6,"critical account/ other credits existing (not at this bank)","retraining",932,39,"own","Good"
18,"no credits taken/ all credits paid back duly","business",3104,31,"own","Good"
36,"existing credits paid back duly till now","radio/television",3913,23,"own","Good"
24,"existing credits paid back duly till now","furniture/equipment",3021,24,"rent","Good"
10,"existing credits paid back duly till now","car (new)",1364,64,"own","Good"
12,"existing credits paid back duly till now","radio/television",625,26,"own","Good"
12,"existing credits paid back duly till now","education",1200,23,"rent","Good"
12,"existing credits paid back duly till now","radio/television",707,30,"own","Good"
24,"delay in paying off in the past","business",2978,32,"own","Good"
15,"existing credits paid back duly till now","car (used)",4657,30,"own","Good"
36,"no credits taken/ all credits paid back duly","repairs",2613,27,"own","Good"
48,"existing credits paid back duly till now","radio/television",10961,27,"own","Bad"
12,"existing credits paid back duly till now","furniture/equipment",7865,53,"for free","Bad"
9,"existing credits paid back duly till now","radio/television",1478,22,"own","Bad"
24,"existing credits paid back duly till now","furniture/equipment",3149,22,"for free","Good"
36,"existing credits paid back duly till now","radio/television",4210,26,"own","Bad"
9,"existing credits paid back duly till now","car (new)",2507,51,"for free","Good"
12,"existing credits paid back duly till now","radio/television",2141,35,"own","Good"
18,"existing credits paid back duly till now","radio/television",866,25,"own","Good"
4,"critical account/ other credits existing (not at this bank)","radio/television",1544,42,"own","Good"
24,"existing credits paid back duly till now","radio/television",1823,30,"own","Bad"
6,"existing credits paid back duly till now","car (new)",14555,23,"own","Bad"
21,"existing credits paid back duly till now","business",2767,61,"rent","Bad"
12,"critical account/ other credits existing (not at this bank)","radio/television",1291,35,"own","Good"
30,"existing credits paid back duly till now","radio/television",2522,39,"own","Good"
24,"existing credits paid back duly till now","car (new)",915,29,"own","Bad"
6,"existing credits paid back duly till now","radio/television",1595,51,"own","Good"
48,"no credits taken/ all credits paid back duly","car (used)",4605,24,"for free","Bad"
12,"critical account/ other credits existing (not at this bank)","business",1185,27,"own","Good"
12,"all credits at this bank paid back duly","retraining",3447,35,"own","Good"
24,"existing credits paid back duly till now","business",1258,25,"own","Good"
12,"critical account/ other credits existing (not at this bank)","radio/television",717,52,"own","Good"
6,"no credits taken/ all credits paid back duly","car (new)",1204,35,"rent","Good"
24,"existing credits paid back duly till now","furniture/equipment",1925,26,"own","Good"
18,"existing credits paid back duly till now","radio/television",433,22,"rent","Bad"
6,"critical account/ other credits existing (not at this bank)","car (new)",666,39,"own","Good"
12,"existing credits paid back duly till now","furniture/equipment",2251,46,"own","Good"
30,"existing credits paid back duly till now","car (new)",2150,24,"own","Bad"
24,"delay in paying off in the past","furniture/equipment",4151,35,"own","Good"
9,"existing credits paid back duly till now","furniture/equipment",2030,24,"own","Good"
60,"delay in paying off in the past","radio/television",7418,27,"own","Good"
24,"critical account/ other credits existing (not at this bank)","radio/television",2684,35,"own","Good"
12,"all credits at this bank paid back duly","radio/television",2149,29,"for free","Bad"
15,"existing credits paid back duly till now","car (used)",3812,23,"own","Good"
11,"critical account/ other credits existing (not at this bank)","radio/television",1154,57,"own","Good"
12,"existing credits paid back duly till now","furniture/equipment",1657,27,"own","Good"
24,"existing credits paid back duly till now","radio/television",1603,55,"own","Good"
18,"critical account/ other credits existing (not at this bank)","car (new)",5302,36,"for free","Good"
12,"critical account/ other credits existing (not at this bank)","education",2748,57,"for free","Good"
10,"critical account/ other credits existing (not at this bank)","car (new)",1231,32,"own","Good"
15,"existing credits paid back duly till now","radio/television",802,37,"own","Bad"
36,"critical account/ other credits existing (not at this bank)","business",6304,36,"own","Good"
24,"existing credits paid back duly till now","radio/television",1533,38,"own","Good"
14,"existing credits paid back duly till now","car (new)",8978,45,"own","Bad"
24,"existing credits paid back duly till now","radio/television",999,25,"own","Good"
18,"existing credits paid back duly till now","car (new)",2662,32,"own","Good"
12,"critical account/ other credits existing (not at this bank)","furniture/equipment",1402,37,"rent","Good"
48,"all credits at this bank paid back duly","car (new)",12169,36,"for free","Good"
48,"existing credits paid back duly till now","radio/television",3060,28,"own","Bad"
30,"existing credits paid back duly till now","repairs",11998,34,"own","Bad"
9,"existing credits paid back duly till now","radio/television",2697,32,"own","Good"
18,"critical account/ other credits existing (not at this bank)","radio/television",2404,26,"own","Good"
12,"existing credits paid back duly till now","furniture/equipment",1262,49,"own","Good"
6,"existing credits paid back duly till now","furniture/equipment",4611,32,"own","Bad"
24,"existing credits paid back duly till now","radio/television",1901,29,"rent","Good"
15,"critical account/ other credits existing (not at this bank)","car (used)",3368,23,"rent","Good"
12,"existing credits paid back duly till now","furniture/equipment",1574,50,"own","Good"
18,"all credits at this bank paid back duly","radio/television",1445,49,"own","Good"
15,"critical account/ other credits existing (not at this bank)","furniture/equipment",1520,63,"own","Good"
24,"critical account/ other credits existing (not at this bank)","car (new)",3878,37,"own","Good"
47,"existing credits paid back duly till now","car (new)",10722,35,"own","Good"
48,"existing credits paid back duly till now","car (used)",4788,26,"own","Good"
48,"delay in paying off in the past","others",7582,31,"for free","Good"
12,"existing credits paid back duly till now","radio/television",1092,49,"own","Good"
24,"delay in paying off in the past","radio/television",1024,48,"own","Bad"
12,"existing credits paid back duly till now","business",1076,26,"own","Good"
36,"existing credits paid back duly till now","car (used)",9398,28,"rent","Bad"
24,"critical account/ other credits existing (not at this bank)","car (used)",6419,44,"for free","Good"
42,"critical account/ other credits existing (not at this bank)","car (used)",4796,56,"for free","Good"
48,"critical account/ other credits existing (not at this bank)","business",7629,46,"own","Good"
48,"existing credits paid back duly till now","furniture/equipment",9960,26,"own","Bad"
12,"existing credits paid back duly till now","car (used)",4675,20,"rent","Good"
10,"existing credits paid back duly till now","car (new)",1287,45,"own","Good"
18,"existing credits paid back duly till now","furniture/equipment",2515,43,"own","Good"
21,"critical account/ other credits existing (not at this bank)","furniture/equipment",2745,32,"own","Good"
6,"existing credits paid back duly till now","car (new)",672,54,"own","Good"
36,"no credits taken/ all credits paid back duly","radio/television",3804,42,"own","Bad"
24,"critical account/ other credits existing (not at this bank)","car (new)",1344,37,"own","Bad"
10,"critical account/ other credits existing (not at this bank)","car (new)",1038,49,"own","Good"
48,"critical account/ other credits existing (not at this bank)","car (new)",10127,44,"for free","Bad"
6,"existing credits paid back duly till now","furniture/equipment",1543,33,"own","Good"
30,"existing credits paid back duly till now","car (used)",4811,24,"rent","Good"
12,"existing credits paid back duly till now","radio/television",727,33,"own","Bad"
8,"existing credits paid back duly till now","furniture/equipment",1237,24,"own","Bad"
9,"existing credits paid back duly till now","car (new)",276,22,"rent","Good"
48,"existing credits paid back duly till now","others",5381,40,"for free","Good"
24,"existing credits paid back duly till now","furniture/equipment",5511,25,"own","Good"
24,"existing credits paid back duly till now","furniture/equipment",3749,26,"own","Good"
12,"existing credits paid back duly till now","car (new)",685,25,"own","Bad"
4,"existing credits paid back duly till now","car (new)",1494,29,"own","Good"
36,"all credits at this bank paid back duly","furniture/equipment",2746,31,"own","Bad"
12,"existing credits paid back duly till now","furniture/equipment",708,38,"own","Good"
24,"existing credits paid back duly till now","furniture/equipment",4351,48,"own","Good"
12,"critical account/ other credits existing (not at this bank)","education",701,32,"own","Good"
15,"delay in paying off in the past","furniture/equipment",3643,27,"own","Good"
30,"critical account/ other credits existing (not at this bank)","car (new)",4249,28,"own","Bad"
24,"existing credits paid back duly till now","radio/television",1938,32,"own","Bad"
24,"existing credits paid back duly till now","car (used)",2910,34,"for free","Good"
18,"existing credits paid back duly till now","furniture/equipment",2659,28,"own","Good"
18,"critical account/ other credits existing (not at this bank)","car (new)",1028,36,"own","Good"
8,"critical account/ other credits existing (not at this bank)","car (new)",3398,39,"own","Good"
12,"critical account/ other credits existing (not at this bank)","furniture/equipment",5801,49,"rent","Good"
24,"existing credits paid back duly till now","car (new)",1525,34,"own","Good"
36,"existing credits paid back duly till now","radio/television",4473,31,"own","Good"
6,"existing credits paid back duly till now","radio/television",1068,28,"own","Good"
24,"critical account/ other credits existing (not at this bank)","car (used)",6615,75,"for free","Good"
18,"critical account/ other credits existing (not at this bank)","education",1864,30,"own","Bad"
60,"existing credits paid back duly till now","car (new)",7408,24,"own","Bad"
48,"critical account/ other credits existing (not at this bank)","car (used)",11590,24,"rent","Bad"
24,"no credits taken/ all credits paid back duly","furniture/equipment",4110,23,"rent","Bad"
6,"critical account/ other credits existing (not at this bank)","furniture/equipment",3384,44,"rent","Bad"
13,"existing credits paid back duly till now","radio/television",2101,23,"own","Good"
15,"existing credits paid back duly till now","domestic appliances",1275,24,"rent","Bad"
24,"existing credits paid back duly till now","furniture/equipment",4169,28,"own","Good"
10,"existing credits paid back duly till now","furniture/equipment",1521,31,"own","Good"
24,"critical account/ other credits existing (not at this bank)","education",5743,24,"for free","Good"
21,"existing credits paid back duly till now","furniture/equipment",3599,26,"rent","Good"
18,"existing credits paid back duly till now","radio/television",3213,25,"rent","Good"
18,"existing credits paid back duly till now","business",4439,33,"own","Good"
10,"existing credits paid back duly till now","car (new)",3949,37,"own","Good"
15,"critical account/ other credits existing (not at this bank)","radio/television",1459,43,"own","Good"
13,"critical account/ other credits existing (not at this bank)","radio/television",882,23,"own","Good"
24,"existing credits paid back duly till now","radio/television",3758,23,"rent","Good"
6,"delay in paying off in the past","business",1743,34,"own","Good"
9,"critical account/ other credits existing (not at this bank)","education",1136,32,"for free","Bad"
9,"existing credits paid back duly till now","domestic appliances",1236,23,"rent","Good"
9,"existing credits paid back duly till now","furniture/equipment",959,29,"own","Bad"
18,"critical account/ other credits existing (not at this bank)","car (used)",3229,38,"own","Good"
12,"no credits taken/ all credits paid back duly","radio/television",6199,28,"rent","Bad"
10,"existing credits paid back duly till now","education",727,46,"for free","Good"
24,"existing credits paid back duly till now","car (new)",1246,23,"own","Bad"
12,"critical account/ other credits existing (not at this bank)","radio/television",2331,49,"own","Good"
36,"delay in paying off in the past","radio/television",4463,26,"own","Bad"
12,"existing credits paid back duly till now","radio/television",776,28,"own","Good"
30,"existing credits paid back duly till now","furniture/equipment",2406,23,"rent","Bad"
18,"existing credits paid back duly till now","education",1239,61,"for free","Good"
12,"existing credits paid back duly till now","radio/television",3399,37,"own","Good"
12,"delay in paying off in the past","car (new)",2247,36,"own","Good"
6,"existing credits paid back duly till now","furniture/equipment",1766,21,"rent","Good"
18,"existing credits paid back duly till now","furniture/equipment",2473,25,"own","Bad"
12,"existing credits paid back duly till now","business",1542,36,"own","Good"
18,"critical account/ other credits existing (not at this bank)","car (used)",3850,27,"own","Good"
18,"existing credits paid back duly till now","furniture/equipment",3650,22,"rent","Good"
36,"existing credits paid back duly till now","furniture/equipment",3446,42,"own","Bad"
18,"existing credits paid back duly till now","furniture/equipment",3001,40,"rent","Good"
36,"existing credits paid back duly till now","car (new)",3079,36,"own","Good"
18,"critical account/ other credits existing (not at this bank)","radio/television",6070,33,"own","Good"
10,"critical account/ other credits existing (not at this bank)","furniture/equipment",2146,23,"rent","Good"
60,"critical account/ other credits existing (not at this bank)","car (new)",13756,63,"for free","Good"
60,"all credits at this bank paid back duly","others",14782,60,"for free","Bad"
48,"all credits at this bank paid back duly","business",7685,37,"rent","Bad"
18,"delay in paying off in the past","radio/television",2320,34,"own","Good"
7,"delay in paying off in the past","radio/television",846,36,"for free","Good"
36,"existing credits paid back duly till now","car (new)",14318,57,"for free","Bad"
6,"critical account/ other credits existing (not at this bank)","car (new)",362,52,"own","Good"
20,"existing credits paid back duly till now","furniture/equipment",2212,39,"own","Good"
18,"existing credits paid back duly till now","car (used)",12976,38,"for free","Bad"
22,"existing credits paid back duly till now","car (new)",1283,25,"rent","Good"
12,"existing credits paid back duly till now","car (new)",1330,26,"own","Good"
30,"delay in paying off in the past","business",4272,26,"own","Good"
18,"critical account/ other credits existing (not at this bank)","radio/television",2238,25,"own","Good"
18,"existing credits paid back duly till now","radio/television",1126,21,"rent","Good"
18,"critical account/ other credits existing (not at this bank)","furniture/equipment",7374,40,"own","Good"
15,"critical account/ other credits existing (not at this bank)","business",2326,27,"own","Good"
9,"existing credits paid back duly till now","business",1449,27,"own","Good"
18,"existing credits paid back duly till now","car (new)",1820,30,"own","Good"
12,"existing credits paid back duly till now","furniture/equipment",983,19,"rent","Good"
36,"existing credits paid back duly till now","car (new)",3249,39,"for free","Good"
6,"critical account/ other credits existing (not at this bank)","radio/television",1957,31,"own","Good"
9,"critical account/ other credits existing (not at this bank)","furniture/equipment",2406,31,"own","Good"
39,"delay in paying off in the past","education",11760,32,"rent","Good"
12,"existing credits paid back duly till now","furniture/equipment",2578,55,"for free","Good"
36,"critical account/ other credits existing (not at this bank)","furniture/equipment",2348,46,"own","Good"
12,"existing credits paid back duly till now","car (new)",1223,46,"rent","Bad"
24,"critical account/ other credits existing (not at this bank)","radio/television",1516,43,"own","Good"
18,"existing credits paid back duly till now","radio/television",1473,39,"own","Good"
18,"critical account/ other credits existing (not at this bank)","business",1887,28,"own","Good"
24,"delay in paying off in the past","business",8648,27,"own","Bad"
14,"delay in paying off in the past","car (new)",802,27,"own","Good"
18,"delay in paying off in the past","car (new)",2899,43,"own","Good"
24,"existing credits paid back duly till now","radio/television",2039,22,"own","Bad"
24,"critical account/ other credits existing (not at this bank)","car (used)",2197,43,"own","Good"
15,"existing credits paid back duly till now","radio/television",1053,27,"own","Good"
24,"existing credits paid back duly till now","radio/television",3235,26,"own","Good"
12,"critical account/ other credits existing (not at this bank)","car (new)",939,28,"own","Bad"
24,"existing credits paid back duly till now","radio/television",1967,20,"own","Good"
33,"critical account/ other credits existing (not at this bank)","car (used)",7253,35,"own","Good"
12,"critical account/ other credits existing (not at this bank)","business",2292,42,"own","Bad"
10,"existing credits paid back duly till now","car (new)",1597,40,"rent","Good"
24,"existing credits paid back duly till now","car (new)",1381,35,"own","Bad"
36,"critical account/ other credits existing (not at this bank)","car (used)",5842,35,"own","Good"
12,"existing credits paid back duly till now","car (new)",2579,33,"own","Bad"
18,"delay in paying off in the past","education",8471,23,"rent","Good"
21,"existing credits paid back duly till now","car (new)",2782,31,"own","Good"
18,"existing credits paid back duly till now","car (new)",1042,33,"own","Bad"
15,"existing credits paid back duly till now","car (new)",3186,20,"rent","Good"
12,"existing credits paid back duly till now","car (used)",2028,30,"own","Good"
12,"critical account/ other credits existing (not at this bank)","car (new)",958,47,"own","Good"
21,"delay in paying off in the past","furniture/equipment",1591,34,"own","Good"
12,"existing credits paid back duly till now","furniture/equipment",2762,25,"own","Bad"
18,"existing credits paid back duly till now","car (used)",2779,21,"rent","Good"
28,"critical account/ other credits existing (not at this bank)","radio/television",2743,29,"own","Good"
18,"critical account/ other credits existing (not at this bank)","radio/television",1149,46,"own","Good"
9,"existing credits paid back duly till now","furniture/equipment",1313,20,"own","Good"
18,"critical account/ other credits existing (not at this bank)","repairs",1190,55,"for free","Bad"
5,"existing credits paid back duly till now","business",3448,74,"own","Good"
24,"existing credits paid back duly till now","others",11328,29,"own","Bad"
6,"critical account/ other credits existing (not at this bank)","furniture/equipment",1872,36,"for free","Good"
24,"critical account/ other credits existing (not at this bank)","repairs",2058,33,"own","Good"
9,"existing credits paid back duly till now","furniture/equipment",2136,25,"own","Good"
12,"existing credits paid back duly till now","radio/television",1484,25,"own","Bad"
6,"existing credits paid back duly till now","repairs",660,23,"rent","Good"
24,"critical account/ other credits existing (not at this bank)","car (new)",1287,37,"own","Good"
42,"critical account/ other credits existing (not at this bank)","repairs",3394,65,"own","Good"
12,"all credits at this bank paid back duly","business",609,26,"own","Bad"
12,"existing credits paid back duly till now","car (new)",1884,39,"own","Good"
12,"existing credits paid back duly till now","furniture/equipment",1620,30,"own","Good"
20,"delay in paying off in the past","others",2629,29,"own","Good"
12,"existing credits paid back duly till now","education",719,41,"own","Bad"
48,"critical account/ other credits existing (not at this bank)","furniture/equipment",5096,30,"own","Bad"
9,"critical account/ other credits existing (not at this bank)","education",1244,41,"rent","Good"
36,"existing credits paid back duly till now","car (new)",1842,34,"own","Bad"
7,"existing credits paid back duly till now","radio/television",2576,35,"own","Good"
12,"existing credits paid back duly till now","furniture/equipment",1424,55,"own","Good"
15,"delay in paying off in the past","repairs",1512,61,"own","Bad"
36,"critical account/ other credits existing (not at this bank)","car (used)",11054,30,"own","Good"
6,"existing credits paid back duly till now","radio/television",518,29,"own","Good"
12,"no credits taken/ all credits paid back duly","furniture/equipment",2759,34,"own","Good"
24,"existing credits paid back duly till now","car (used)",2670,35,"own","Good"
24,"existing credits paid back duly till now","car (new)",4817,31,"own","Bad"
24,"existing credits paid back duly till now","car (used)",2679,29,"own","Good"
11,"critical account/ other credits existing (not at this bank)","car (new)",3905,36,"rent","Good"
12,"existing credits paid back duly till now","car (used)",3386,35,"for free","Bad"
6,"existing credits paid back duly till now","domestic appliances",343,27,"own","Good"
18,"existing credits paid back duly till now","radio/television",4594,32,"own","Good"
36,"existing credits paid back duly till now","furniture/equipment",3620,37,"own","Good"
15,"existing credits paid back duly till now","car (new)",1721,36,"own","Good"
12,"existing credits paid back duly till now","furniture/equipment",3017,34,"rent","Good"
12,"existing credits paid back duly till now","retraining",754,38,"own","Good"
18,"existing credits paid back duly till now","business",1950,34,"own","Good"
24,"existing credits paid back duly till now","car (used)",2924,63,"own","Good"
24,"delay in paying off in the past","radio/television",1659,29,"rent","Bad"
48,"delay in paying off in the past","radio/television",7238,32,"own","Good"
33,"delay in paying off in the past","business",2764,26,"own","Good"
24,"delay in paying off in the past","car (used)",4679,35,"own","Good"
24,"existing credits paid back duly till now","radio/television",3092,22,"rent","Bad"
6,"existing credits paid back duly till now","education",448,23,"own","Bad"
9,"existing credits paid back duly till now","car (new)",654,28,"own","Bad"
6,"existing credits paid back duly till now","retraining",1238,36,"own","Good"
18,"critical account/ other credits existing (not at this bank)","radio/television",1245,33,"own","Bad"
18,"no credits taken/ all credits paid back duly","furniture/equipment",3114,26,"rent","Bad"
39,"existing credits paid back duly till now","car (used)",2569,24,"own","Good"
24,"existing credits paid back duly till now","radio/television",5152,25,"own","Good"
12,"existing credits paid back duly till now","business",1037,39,"own","Good"
15,"critical account/ other credits existing (not at this bank)","furniture/equipment",1478,44,"own","Good"
12,"critical account/ other credits existing (not at this bank)","radio/television",3573,23,"own","Good"
24,"existing credits paid back duly till now","car (new)",1201,26,"own","Good"
30,"existing credits paid back duly till now","furniture/equipment",3622,57,"rent","Good"
15,"delay in paying off in the past","furniture/equipment",960,30,"own","Good"
12,"critical account/ other credits existing (not at this bank)","car (new)",1163,44,"own","Good"
6,"delay in paying off in the past","car (new)",1209,47,"own","Bad"
12,"existing credits paid back duly till now","radio/television",3077,52,"own","Good"
24,"existing credits paid back duly till now","car (new)",3757,62,"for free","Good"
10,"existing credits paid back duly till now","car (new)",1418,35,"rent","Good"
6,"existing credits paid back duly till now","car (new)",3518,26,"rent","Good"
12,"critical account/ other credits existing (not at this bank)","radio/television",1934,26,"own","Good"
27,"no credits taken/ all credits paid back duly","business",8318,42,"for free","Bad"
6,"critical account/ other credits existing (not at this bank)","radio/television",1237,27,"own","Good"
6,"existing credits paid back duly till now","radio/television",368,38,"own","Good"
12,"critical account/ other credits existing (not at this bank)","car (new)",2122,39,"rent","Good"
24,"existing credits paid back duly till now","furniture/equipment",2996,20,"own","Bad"
36,"existing credits paid back duly till now","furniture/equipment",9034,29,"rent","Bad"
24,"critical account/ other credits existing (not at this bank)","furniture/equipment",1585,40,"own","Good"
18,"existing credits paid back duly till now","radio/television",1301,32,"own","Good"
6,"critical account/ other credits existing (not at this bank)","car (new)",1323,28,"own","Good"
24,"existing credits paid back duly till now","car (new)",3123,27,"own","Bad"
36,"existing credits paid back duly till now","car (used)",5493,42,"for free","Good"
9,"existing credits paid back duly till now","radio/television",1126,49,"own","Good"
24,"critical account/ other credits existing (not at this bank)","radio/television",1216,38,"own","Bad"
24,"existing credits paid back duly till now","car (new)",1207,24,"rent","Bad"
10,"existing credits paid back duly till now","car (new)",1309,27,"own","Bad"
15,"critical account/ other credits existing (not at this bank)","car (used)",2360,36,"own","Good"
15,"all credits at this bank paid back duly","car (new)",6850,34,"own","Bad"
24,"existing credits paid back duly till now","radio/television",1413,28,"own","Good"
39,"existing credits paid back duly till now","car (used)",8588,45,"own","Good"
12,"existing credits paid back duly till now","car (new)",759,26,"own","Bad"
36,"existing credits paid back duly till now","car (used)",4686,32,"for free","Good"
15,"existing credits paid back duly till now","business",2687,26,"rent","Good"
12,"delay in paying off in the past","radio/television",585,20,"rent","Good"
24,"existing credits paid back duly till now","car (new)",2255,54,"own","Good"
6,"critical account/ other credits existing (not at this bank)","car (new)",609,37,"own","Good"
6,"critical account/ other credits existing (not at this bank)","car (new)",1361,40,"own","Good"
36,"critical account/ other credits existing (not at this bank)","furniture/equipment",7127,23,"rent","Bad"
6,"existing credits paid back duly till now","car (new)",1203,43,"own","Good"
6,"critical account/ other credits existing (not at this bank)","radio/television",700,36,"for free","Good"
24,"critical account/ other credits existing (not at this bank)","repairs",5507,44,"for free","Good"
18,"existing credits paid back duly till now","radio/television",3190,24,"own","Bad"
48,"no credits taken/ all credits paid back duly","furniture/equipment",7119,53,"for free","Bad"
24,"existing credits paid back duly till now","car (used)",3488,23,"own","Good"
18,"existing credits paid back duly till now","radio/television",1113,26,"own","Good"
26,"existing credits paid back duly till now","car (used)",7966,30,"own","Good"
15,"critical account/ other credits existing (not at this bank)","education",1532,31,"own","Good"
4,"critical account/ other credits existing (not at this bank)","radio/television",1503,42,"own","Good"
36,"existing credits paid back duly till now","radio/television",2302,31,"rent","Bad"
6,"existing credits paid back duly till now","car (new)",662,41,"own","Good"
36,"existing credits paid back duly till now","education",2273,32,"own","Good"
15,"existing credits paid back duly till now","car (new)",2631,28,"rent","Bad"
12,"delay in paying off in the past","car (used)",1503,41,"rent","Good"
24,"existing credits paid back duly till now","radio/television",1311,26,"own","Good"
24,"existing credits paid back duly till now","radio/television",3105,25,"own","Good"
21,"critical account/ other credits existing (not at this bank)","education",2319,33,"rent","Bad"
6,"existing credits paid back duly till now","car (new)",1374,75,"own","Good"
18,"critical account/ other credits existing (not at this bank)","furniture/equipment",3612,37,"own","Good"
48,"existing credits paid back duly till now","car (new)",7763,42,"for free","Bad"
18,"existing credits paid back duly till now","furniture/equipment",3049,45,"own","Good"
12,"existing credits paid back duly till now","radio/television",1534,23,"rent","Bad"
24,"delay in paying off in the past","car (new)",2032,60,"for free","Good"
30,"existing credits paid back duly till now","furniture/equipment",6350,31,"own","Bad"
18,"existing credits paid back duly till now","furniture/equipment",2864,34,"own","Bad"
12,"critical account/ other credits existing (not at this bank)","car (new)",1255,61,"own","Good"
24,"delay in paying off in the past","car (new)",1333,43,"for free","Bad"
24,"critical account/ other credits existing (not at this bank)","car (new)",2022,37,"own","Good"
24,"existing credits paid back duly till now","radio/television",1552,32,"own","Good"
12,"all credits at this bank paid back duly","radio/television",626,24,"own","Bad"
48,"critical account/ other credits existing (not at this bank)","car (used)",8858,35,"for free","Good"
12,"critical account/ other credits existing (not at this bank)","repairs",996,23,"own","Good"
6,"all credits at this bank paid back duly","radio/television",1750,45,"own","Good"
48,"existing credits paid back duly till now","radio/television",6999,34,"own","Bad"
12,"critical account/ other credits existing (not at this bank)","car (new)",1995,27,"own","Good"
9,"existing credits paid back duly till now","education",1199,67,"own","Good"
12,"existing credits paid back duly till now","radio/television",1331,22,"own","Bad"
18,"no credits taken/ all credits paid back duly","car (new)",2278,28,"own","Bad"
21,"no credits taken/ all credits paid back duly","car (new)",5003,29,"own","Bad"
24,"all credits at this bank paid back duly","furniture/equipment",3552,27,"own","Bad"
18,"critical account/ other credits existing (not at this bank)","furniture/equipment",1928,31,"own","Bad"
24,"existing credits paid back duly till now","car (used)",2964,49,"for free","Good"
24,"all credits at this bank paid back duly","radio/television",1546,24,"rent","Bad"
6,"delay in paying off in the past","radio/television",683,29,"own","Good"
36,"existing credits paid back duly till now","car (new)",12389,37,"for free","Bad"
24,"delay in paying off in the past","business",4712,37,"own","Good"
24,"delay in paying off in the past","radio/television",1553,23,"rent","Good"
12,"existing credits paid back duly till now","car (new)",1372,36,"own","Bad"
24,"critical account/ other credits existing (not at this bank)","radio/television",2578,34,"own","Good"
48,"existing credits paid back duly till now","radio/television",3979,41,"own","Good"
48,"existing credits paid back duly till now","radio/television",6758,31,"own","Bad"
24,"existing credits paid back duly till now","furniture/equipment",3234,23,"rent","Bad"
30,"critical account/ other credits existing (not at this bank)","radio/television",5954,38,"own","Good"
24,"existing credits paid back duly till now","car (used)",5433,26,"rent","Good"
15,"existing credits paid back duly till now","business",806,22,"own","Good"
9,"existing credits paid back duly till now","radio/television",1082,27,"own","Good"
15,"critical account/ other credits existing (not at this bank)","furniture/equipment",2788,24,"own","Good"
12,"existing credits paid back duly till now","radio/television",2930,27,"own","Good"
24,"critical account/ other credits existing (not at this bank)","education",1927,33,"own","Good"
36,"critical account/ other credits existing (not at this bank)","car (new)",2820,27,"own","Bad"
24,"existing credits paid back duly till now","retraining",937,27,"own","Good"
18,"critical account/ other credits existing (not at this bank)","car (new)",1056,30,"own","Bad"
12,"critical account/ other credits existing (not at this bank)","car (new)",3124,49,"own","Good"
9,"existing credits paid back duly till now","furniture/equipment",1388,26,"rent","Good"
36,"existing credits paid back duly till now","repairs",2384,33,"rent","Bad"
12,"existing credits paid back duly till now","car (new)",2133,52,"for free","Good"
18,"existing credits paid back duly till now","furniture/equipment",2039,20,"rent","Bad"
9,"critical account/ other credits existing (not at this bank)","car (new)",2799,36,"rent","Good"
12,"existing credits paid back duly till now","furniture/equipment",1289,21,"own","Good"
18,"existing credits paid back duly till now","domestic appliances",1217,47,"own","Bad"
12,"critical account/ other credits existing (not at this bank)","furniture/equipment",2246,60,"own","Bad"
12,"critical account/ other credits existing (not at this bank)","radio/television",385,58,"own","Good"
24,"delay in paying off in the past","car (new)",1965,42,"rent","Good"
21,"existing credits paid back duly till now","business",1572,36,"own","Good"
24,"existing credits paid back duly till now","car (new)",2718,20,"rent","Bad"
24,"all credits at this bank paid back duly","others",1358,40,"own","Bad"
6,"all credits at this bank paid back duly","car (new)",931,32,"own","Bad"
24,"existing credits paid back duly till now","car (new)",1442,23,"rent","Bad"
24,"no credits taken/ all credits paid back duly","business",4241,36,"own","Bad"
18,"critical account/ other credits existing (not at this bank)","car (new)",2775,31,"own","Bad"
24,"delay in paying off in the past","business",3863,32,"for free","Good"
7,"existing credits paid back duly till now","radio/television",2329,45,"own","Good"
9,"existing credits paid back duly till now","furniture/equipment",918,30,"own","Bad"
24,"all credits at this bank paid back duly","education",1837,34,"for free","Bad"
36,"existing credits paid back duly till now","furniture/equipment",3349,28,"own","Bad"
10,"existing credits paid back duly till now","furniture/equipment",1275,23,"own","Good"
24,"all credits at this bank paid back duly","furniture/equipment",2828,22,"own","Good"
24,"critical account/ other credits existing (not at this bank)","business",4526,74,"own","Good"
36,"existing credits paid back duly till now","radio/television",2671,50,"for free","Bad"
18,"existing credits paid back duly till now","radio/television",2051,33,"own","Good"
15,"existing credits paid back duly till now","car (used)",1300,45,"for free","Good"
12,"existing credits paid back duly till now","domestic appliances",741,22,"own","Bad"
10,"existing credits paid back duly till now","car (new)",1240,48,"for free","Bad"
21,"existing credits paid back duly till now","radio/television",3357,29,"own","Good"
24,"all credits at this bank paid back duly","car (used)",3632,22,"rent","Good"
18,"delay in paying off in the past","furniture/equipment",1808,22,"own","Bad"
48,"no credits taken/ all credits paid back duly","business",12204,48,"own","Good"
60,"delay in paying off in the past","radio/television",9157,27,"for free","Good"
6,"critical account/ other credits existing (not at this bank)","car (new)",3676,37,"rent","Good"
30,"existing credits paid back duly till now","furniture/equipment",3441,21,"rent","Bad"
12,"existing credits paid back duly till now","car (new)",640,49,"own","Good"
21,"critical account/ other credits existing (not at this bank)","business",3652,27,"own","Good"
18,"critical account/ other credits existing (not at this bank)","car (new)",1530,32,"own","Bad"
48,"existing credits paid back duly till now","business",3914,38,"own","Bad"
12,"existing credits paid back duly till now","furniture/equipment",1858,22,"rent","Good"
18,"existing credits paid back duly till now","radio/television",2600,65,"for free","Bad"
15,"existing credits paid back duly till now","radio/television",1979,35,"own","Good"
6,"existing credits paid back duly till now","furniture/equipment",2116,41,"own","Good"
9,"all credits at this bank paid back duly","car (new)",1437,29,"own","Bad"
42,"critical account/ other credits existing (not at this bank)","furniture/equipment",4042,36,"own","Good"
9,"existing credits paid back duly till now","education",3832,64,"own","Good"
24,"existing credits paid back duly till now","radio/television",3660,28,"own","Good"
18,"all credits at this bank paid back duly","furniture/equipment",1553,44,"own","Bad"
15,"existing credits paid back duly till now","radio/television",1444,23,"own","Good"
9,"existing credits paid back duly till now","furniture/equipment",1980,19,"rent","Bad"
24,"existing credits paid back duly till now","car (new)",1355,25,"own","Bad"
12,"existing credits paid back duly till now","education",1393,47,"own","Good"
24,"existing credits paid back duly till now","radio/television",1376,28,"own","Good"
60,"delay in paying off in the past","radio/television",15653,21,"own","Good"
12,"existing credits paid back duly till now","radio/television",1493,34,"own","Good"
42,"delay in paying off in the past","radio/television",4370,26,"own","Bad"
18,"existing credits paid back duly till now","education",750,27,"own","Bad"
15,"existing credits paid back duly till now","repairs",1308,38,"own","Good"
15,"existing credits paid back duly till now","education",4623,40,"own","Bad"
24,"critical account/ other credits existing (not at this bank)","radio/television",1851,33,"own","Good"
18,"critical account/ other credits existing (not at this bank)","radio/television",1880,32,"own","Good"
36,"delay in paying off in the past","business",7980,27,"rent","Bad"
30,"no credits taken/ all credits paid back duly","furniture/equipment",4583,32,"own","Good"
12,"existing credits paid back duly till now","car (new)",1386,26,"own","Bad"
24,"existing credits paid back duly till now","car (new)",947,38,"for free","Bad"
12,"existing credits paid back duly till now","education",684,40,"rent","Bad"
48,"existing credits paid back duly till now","education",7476,50,"for free","Good"
12,"existing credits paid back duly till now","furniture/equipment",1922,37,"own","Bad"
24,"existing credits paid back duly till now","car (new)",2303,45,"own","Bad"
36,"delay in paying off in the past","car (new)",8086,42,"own","Bad"
24,"critical account/ other credits existing (not at this bank)","car (used)",2346,35,"own","Good"
14,"existing credits paid back duly till now","car (new)",3973,22,"for free","Good"
12,"existing credits paid back duly till now","car (new)",888,41,"own","Bad"
48,"existing credits paid back duly till now","radio/television",10222,37,"own","Good"
30,"no credits taken/ all credits paid back duly","business",4221,28,"own","Good"
18,"critical account/ other credits existing (not at this bank)","furniture/equipment",6361,41,"own","Good"
12,"existing credits paid back duly till now","radio/television",1297,23,"rent","Good"
12,"existing credits paid back duly till now","car (new)",900,23,"own","Bad"
21,"existing credits paid back duly till now","furniture/equipment",2241,50,"own","Good"
6,"delay in paying off in the past","furniture/equipment",1050,35,"own","Good"
6,"critical account/ other credits existing (not at this bank)","education",1047,50,"own","Good"
24,"critical account/ other credits existing (not at this bank)","others",6314,27,"own","Good"
30,"all credits at this bank paid back duly","furniture/equipment",3496,34,"own","Good"
48,"all credits at this bank paid back duly","business",3609,27,"own","Good"
12,"critical account/ other credits existing (not at this bank)","car (new)",4843,43,"rent","Bad"
30,"critical account/ other credits existing (not at this bank)","radio/television",3017,47,"own","Good"
24,"critical account/ other credits existing (not at this bank)","business",4139,27,"own","Good"
36,"existing credits paid back duly till now","business",5742,31,"own","Good"
60,"existing credits paid back duly till now","car (new)",10366,42,"own","Good"
6,"critical account/ other credits existing (not at this bank)","car (new)",2080,24,"own","Good"
21,"delay in paying off in the past","business",2580,41,"own","Bad"
30,"critical account/ other credits existing (not at this bank)","radio/television",4530,26,"rent","Good"
24,"critical account/ other credits existing (not at this bank)","furniture/equipment",5150,33,"own","Good"
72,"existing credits paid back duly till now","radio/television",5595,24,"own","Bad"
24,"existing credits paid back duly till now","radio/television",2384,64,"rent","Good"
18,"existing credits paid back duly till now","radio/television",1453,26,"own","Good"
6,"existing credits paid back duly till now","education",1538,56,"own","Good"
12,"existing credits paid back duly till now","radio/television",2279,37,"for free","Good"
15,"delay in paying off in the past","radio/television",1478,33,"own","Good"
24,"critical account/ other credits existing (not at this bank)","radio/television",5103,47,"for free","Good"
36,"delay in paying off in the past","business",9857,31,"own","Good"
60,"existing credits paid back duly till now","car (new)",6527,34,"for free","Good"
10,"critical account/ other credits existing (not at this bank)","radio/television",1347,27,"own","Good"
36,"delay in paying off in the past","car (new)",2862,30,"for free","Good"
9,"existing credits paid back duly till now","radio/television",2753,35,"own","Good"
12,"existing credits paid back duly till now","car (new)",3651,31,"own","Good"
15,"critical account/ other credits existing (not at this bank)","furniture/equipment",975,25,"own","Good"
15,"existing credits paid back duly till now","repairs",2631,25,"own","Good"
24,"existing credits paid back duly till now","radio/television",2896,29,"own","Good"
6,"critical account/ other credits existing (not at this bank)","car (new)",4716,44,"own","Good"
24,"existing credits paid back duly till now","radio/television",2284,28,"own","Good"
6,"existing credits paid back duly till now","car (used)",1236,50,"rent","Good"
12,"existing credits paid back duly till now","radio/television",1103,29,"own","Good"
12,"critical account/ other credits existing (not at this bank)","car (new)",926,38,"own","Good"
18,"critical account/ other credits existing (not at this bank)","radio/television",1800,24,"own","Good"
15,"existing credits paid back duly till now","education",1905,40,"rent","Good"
12,"existing credits paid back duly till now","furniture/equipment",1123,29,"rent","Bad"
48,"critical account/ other credits existing (not at this bank)","car (used)",6331,46,"for free","Bad"
24,"existing credits paid back duly till now","radio/television",1377,47,"for free","Good"
30,"delay in paying off in the past","business",2503,41,"own","Good"
27,"existing credits paid back duly till now","business",2528,32,"own","Good"
15,"existing credits paid back duly till now","car (new)",5324,35,"for free","Good"
48,"existing credits paid back duly till now","car (new)",6560,24,"own","Bad"
12,"no credits taken/ all credits paid back duly","furniture/equipment",2969,25,"rent","Bad"
9,"existing credits paid back duly till now","radio/television",1206,25,"own","Good"
9,"existing credits paid back duly till now","radio/television",2118,37,"own","Good"
18,"critical account/ other credits existing (not at this bank)","radio/television",629,32,"own","Good"
6,"all credits at this bank paid back duly","education",1198,35,"for free","Bad"
21,"existing credits paid back duly till now","car (used)",2476,46,"own","Good"
9,"critical account/ other credits existing (not at this bank)","radio/television",1138,25,"own","Good"
60,"existing credits paid back duly till now","car (new)",14027,27,"own","Bad"
30,"critical account/ other credits existing (not at this bank)","car (used)",7596,63,"own","Good"
30,"critical account/ other credits existing (not at this bank)","radio/television",3077,40,"own","Good"
18,"existing credits paid back duly till now","radio/television",1505,32,"for free","Good"
24,"critical account/ other credits existing (not at this bank)","radio/television",3148,31,"own","Good"
20,"no credits taken/ all credits paid back duly","car (used)",6148,31,"own","Good"
9,"no credits taken/ all credits paid back duly","radio/television",1337,34,"own","Bad"
6,"all credits at this bank paid back duly","education",433,24,"rent","Bad"
12,"existing credits paid back duly till now","car (new)",1228,24,"own","Bad"
9,"existing credits paid back duly till now","radio/television",790,66,"own","Good"
27,"existing credits paid back duly till now","car (new)",2570,21,"rent","Bad"
6,"critical account/ other credits existing (not at this bank)","car (new)",250,41,"own","Good"
15,"critical account/ other credits existing (not at this bank)","radio/television",1316,47,"own","Good"
18,"existing credits paid back duly till now","radio/television",1882,25,"rent","Bad"
48,"all credits at this bank paid back duly","business",6416,59,"rent","Bad"
24,"critical account/ other credits existing (not at this bank)","business",1275,36,"own","Good"
24,"delay in paying off in the past","radio/television",6403,33,"own","Good"
24,"existing credits paid back duly till now","radio/television",1987,21,"rent","Bad"
8,"existing credits paid back duly till now","radio/television",760,44,"own","Good"
24,"existing credits paid back duly till now","car (used)",2603,28,"rent","Good"
4,"critical account/ other credits existing (not at this bank)","car (new)",3380,37,"own","Good"
36,"all credits at this bank paid back duly","domestic appliances",3990,29,"own","Good"
24,"existing credits paid back duly till now","car (used)",11560,23,"rent","Bad"
18,"existing credits paid back duly till now","car (new)",4380,35,"own","Good"
6,"critical account/ other credits existing (not at this bank)","car (new)",6761,45,"own","Good"
30,"no credits taken/ all credits paid back duly","business",4280,26,"rent","Bad"
24,"all credits at this bank paid back duly","car (new)",2325,32,"own","Good"
10,"all credits at this bank paid back duly","radio/television",1048,23,"own","Good"
21,"existing credits paid back duly till now","radio/television",3160,41,"own","Good"
24,"all credits at this bank paid back duly","furniture/equipment",2483,22,"own","Good"
39,"critical account/ other credits existing (not at this bank)","furniture/equipment",14179,30,"own","Good"
13,"critical account/ other credits existing (not at this bank)","business",1797,28,"own","Good"
15,"existing credits paid back duly till now","car (new)",2511,23,"rent","Good"
12,"existing credits paid back duly till now","car (new)",1274,37,"own","Bad"
21,"existing credits paid back duly till now","car (used)",5248,26,"own","Good"
15,"existing credits paid back duly till now","car (used)",3029,33,"own","Good"
6,"existing credits paid back duly till now","furniture/equipment",428,49,"own","Good"
18,"existing credits paid back duly till now","car (new)",976,23,"own","Bad"
12,"existing credits paid back duly till now","business",841,23,"rent","Good"
30,"critical account/ other credits existing (not at this bank)","radio/television",5771,25,"own","Good"
12,"delay in paying off in the past","repairs",1555,55,"for free","Bad"
24,"existing credits paid back duly till now","car (new)",1285,32,"rent","Bad"
6,"critical account/ other credits existing (not at this bank)","car (new)",1299,74,"own","Good"
15,"critical account/ other credits existing (not at this bank)","radio/television",1271,39,"for free","Bad"
24,"existing credits paid back duly till now","car (new)",1393,31,"own","Good"
12,"critical account/ other credits existing (not at this bank)","car (new)",691,35,"own","Bad"
15,"critical account/ other credits existing (not at this bank)","car (new)",5045,59,"own","Good"
18,"critical account/ other credits existing (not at this bank)","furniture/equipment",2124,24,"rent","Bad"
12,"existing credits paid back duly till now","radio/television",2214,24,"own","Good"
21,"critical account/ other credits existing (not at this bank)","car (new)",12680,30,"for free","Bad"
24,"critical account/ other credits existing (not at this bank)","car (new)",2463,27,"own","Good"
12,"existing credits paid back duly till now","radio/television",1155,40,"own","Good"
30,"existing credits paid back duly till now","furniture/equipment",3108,31,"own","Bad"
10,"existing credits paid back duly till now","car (used)",2901,31,"rent","Good"
12,"critical account/ other credits existing (not at this bank)","furniture/equipment",3617,28,"rent","Good"
12,"critical account/ other credits existing (not at this bank)","radio/television",1655,63,"own","Good"
24,"existing credits paid back duly till now","car (used)",2812,26,"rent","Good"
36,"critical account/ other credits existing (not at this bank)","education",8065,25,"own","Bad"
21,"critical account/ other credits existing (not at this bank)","car (used)",3275,36,"own","Good"
24,"critical account/ other credits existing (not at this bank)","radio/television",2223,52,"own","Good"
12,"critical account/ other credits existing (not at this bank)","car (new)",1480,66,"for free","Good"
24,"existing credits paid back duly till now","car (new)",1371,25,"rent","Bad"
36,"critical account/ other credits existing (not at this bank)","car (new)",3535,37,"own","Good"
18,"existing credits paid back duly till now","radio/television",3509,25,"own","Good"
36,"critical account/ other credits existing (not at this bank)","car (used)",5711,38,"own","Good"
18,"existing credits paid back duly till now","repairs",3872,67,"own","Good"
39,"critical account/ other credits existing (not at this bank)","radio/television",4933,25,"own","Bad"
24,"critical account/ other credits existing (not at this bank)","car (new)",1940,60,"own","Good"
12,"no credits taken/ all credits paid back duly","retraining",1410,31,"own","Good"
12,"existing credits paid back duly till now","car (new)",836,23,"own","Bad"
20,"existing credits paid back duly till now","car (used)",6468,60,"own","Good"
18,"existing credits paid back duly till now","business",1941,35,"own","Good"
22,"existing credits paid back duly till now","radio/television",2675,40,"own","Good"
48,"critical account/ other credits existing (not at this bank)","car (used)",2751,38,"own","Good"
48,"delay in paying off in the past","education",6224,50,"for free","Bad"
40,"critical account/ other credits existing (not at this bank)","education",5998,27,"own","Bad"
21,"existing credits paid back duly till now","business",1188,39,"own","Bad"
24,"existing credits paid back duly till now","car (used)",6313,41,"own","Good"
6,"critical account/ other credits existing (not at this bank)","furniture/equipment",1221,27,"own","Good"
24,"existing credits paid back duly till now","furniture/equipment",2892,51,"for free","Good"
24,"existing credits paid back duly till now","furniture/equipment",3062,32,"rent","Good"
9,"existing credits paid back duly till now","furniture/equipment",2301,22,"rent","Good"
18,"existing credits paid back duly till now","car (used)",7511,51,"for free","Bad"
12,"critical account/ other credits existing (not at this bank)","furniture/equipment",1258,22,"rent","Good"
24,"delay in paying off in the past","car (new)",717,54,"own","Good"
9,"existing credits paid back duly till now","car (new)",1549,35,"own","Good"
24,"critical account/ other credits existing (not at this bank)","education",1597,54,"for free","Good"
18,"critical account/ other credits existing (not at this bank)","radio/television",1795,48,"rent","Good"
20,"critical account/ other credits existing (not at this bank)","furniture/equipment",4272,24,"own","Good"
12,"critical account/ other credits existing (not at this bank)","radio/television",976,35,"own","Good"
12,"existing credits paid back duly till now","car (new)",7472,24,"rent","Good"
36,"existing credits paid back duly till now","car (new)",9271,24,"own","Bad"
6,"existing credits paid back duly till now","radio/television",590,26,"own","Good"
12,"critical account/ other credits existing (not at this bank)","radio/television",930,65,"own","Good"
42,"all credits at this bank paid back duly","car (used)",9283,55,"for free","Good"
15,"no credits taken/ all credits paid back duly","car (new)",1778,26,"rent","Bad"
8,"existing credits paid back duly till now","business",907,26,"own","Good"
6,"existing credits paid back duly till now","radio/television",484,28,"own","Good"
36,"critical account/ other credits existing (not at this bank)","car (used)",9629,24,"own","Bad"
48,"existing credits paid back duly till now","domestic appliances",3051,54,"own","Bad"
48,"existing credits paid back duly till now","car (new)",3931,46,"for free","Bad"
36,"delay in paying off in the past","car (new)",7432,54,"rent","Good"
6,"existing credits paid back duly till now","domestic appliances",1338,62,"own","Good"
6,"critical account/ other credits existing (not at this bank)","radio/television",1554,24,"rent","Good"
36,"existing credits paid back duly till now","others",15857,43,"own","Good"
18,"existing credits paid back duly till now","radio/television",1345,26,"own","Bad"
12,"existing credits paid back duly till now","car (new)",1101,27,"own","Good"
12,"existing credits paid back duly till now","radio/television",3016,24,"own","Good"
36,"existing credits paid back duly till now","furniture/equipment",2712,41,"own","Bad"
8,"critical account/ other credits existing (not at this bank)","car (new)",731,47,"own","Good"
18,"critical account/ other credits existing (not at this bank)","furniture/equipment",3780,35,"own","Good"
21,"critical account/ other credits existing (not at this bank)","car (new)",1602,30,"own","Good"
18,"critical account/ other credits existing (not at this bank)","car (new)",3966,33,"rent","Bad"
18,"no credits taken/ all credits paid back duly","business",4165,36,"own","Bad"
36,"existing credits paid back duly till now","car (used)",8335,47,"for free","Bad"
48,"delay in paying off in the past","business",6681,38,"for free","Good"
24,"delay in paying off in the past","business",2375,44,"own","Good"
18,"existing credits paid back duly till now","car (new)",1216,23,"rent","Bad"
45,"no credits taken/ all credits paid back duly","business",11816,29,"rent","Bad"
24,"existing credits paid back duly till now","radio/television",5084,42,"own","Good"
15,"existing credits paid back duly till now","radio/television",2327,25,"own","Bad"
12,"no credits taken/ all credits paid back duly","car (new)",1082,48,"own","Bad"
12,"existing credits paid back duly till now","radio/television",886,21,"own","Good"
4,"existing credits paid back duly till now","furniture/equipment",601,23,"rent","Good"
24,"critical account/ other credits existing (not at this bank)","car (used)",2957,63,"own","Good"
24,"critical account/ other credits existing (not at this bank)","radio/television",2611,46,"own","Good"
36,"existing credits paid back duly till now","furniture/equipment",5179,29,"own","Bad"
21,"delay in paying off in the past","car (used)",2993,28,"own","Good"
18,"existing credits paid back duly till now","repairs",1943,23,"own","Bad"
24,"all credits at this bank paid back duly","business",1559,50,"own","Good"
18,"existing credits paid back duly till now","furniture/equipment",3422,47,"own","Good"
21,"existing credits paid back duly till now","furniture/equipment",3976,35,"own","Good"
18,"existing credits paid back duly till now","car (new)",6761,68,"rent","Bad"
24,"existing credits paid back duly till now","car (new)",1249,28,"own","Good"
9,"existing credits paid back duly till now","radio/television",1364,59,"own","Good"
12,"existing credits paid back duly till now","radio/television",709,57,"own","Bad"
20,"critical account/ other credits existing (not at this bank)","car (new)",2235,33,"rent","Bad"
24,"critical account/ other credits existing (not at this bank)","car (used)",4042,43,"own","Good"
15,"critical account/ other credits existing (not at this bank)","radio/television",1471,35,"for free","Good"
18,"all credits at this bank paid back duly","car (new)",1442,32,"for free","Bad"
36,"delay in paying off in the past","car (new)",10875,45,"own","Good"
24,"existing credits paid back duly till now","car (new)",1474,33,"own","Good"
10,"existing credits paid back duly till now","retraining",894,40,"own","Good"
15,"critical account/ other credits existing (not at this bank)","furniture/equipment",3343,28,"for free","Good"
15,"existing credits paid back duly till now","car (new)",3959,29,"own","Bad"
9,"existing credits paid back duly till now","car (new)",3577,26,"rent","Good"
24,"critical account/ other credits existing (not at this bank)","car (used)",5804,27,"own","Good"
18,"delay in paying off in the past","business",2169,28,"own","Bad"
24,"existing credits paid back duly till now","radio/television",2439,35,"own","Bad"
27,"critical account/ other credits existing (not at this bank)","furniture/equipment",4526,32,"own","Good"
10,"existing credits paid back duly till now","furniture/equipment",2210,25,"rent","Bad"
15,"existing credits paid back duly till now","furniture/equipment",2221,20,"rent","Good"
18,"existing credits paid back duly till now","radio/television",2389,27,"own","Good"
12,"critical account/ other credits existing (not at this bank)","furniture/equipment",3331,42,"own","Good"
36,"existing credits paid back duly till now","business",7409,37,"own","Good"
12,"existing credits paid back duly till now","furniture/equipment",652,24,"rent","Good"
36,"delay in paying off in the past","furniture/equipment",7678,40,"own","Good"
6,"critical account/ other credits existing (not at this bank)","car (new)",1343,46,"own","Good"
24,"critical account/ other credits existing (not at this bank)","business",1382,26,"own","Good"
15,"existing credits paid back duly till now","domestic appliances",874,24,"own","Good"
12,"existing credits paid back duly till now","furniture/equipment",3590,29,"own","Good"
11,"critical account/ other credits existing (not at this bank)","car (new)",1322,40,"own","Good"
18,"all credits at this bank paid back duly","radio/television",1940,36,"for free","Good"
36,"existing credits paid back duly till now","radio/television",3595,28,"own","Good"
9,"existing credits paid back duly till now","car (new)",1422,27,"for free","Bad"
30,"critical account/ other credits existing (not at this bank)","radio/television",6742,36,"own","Good"
24,"existing credits paid back duly till now","car (used)",7814,38,"own","Good"
24,"existing credits paid back duly till now","car (used)",9277,48,"for free","Good"
30,"critical account/ other credits existing (not at this bank)","car (new)",2181,36,"own","Good"
18,"critical account/ other credits existing (not at this bank)","radio/television",1098,65,"own","Good"
24,"existing credits paid back duly till now","furniture/equipment",4057,43,"own","Bad"
12,"existing credits paid back duly till now","education",795,53,"own","Bad"
24,"critical account/ other credits existing (not at this bank)","business",2825,34,"own","Good"
48,"existing credits paid back duly till now","business",15672,23,"own","Bad"
36,"critical account/ other credits existing (not at this bank)","car (new)",6614,34,"own","Good"
28,"all credits at this bank paid back duly","car (used)",7824,40,"rent","Good"
27,"critical account/ other credits existing (not at this bank)","business",2442,43,"own","Good"
15,"critical account/ other credits existing (not at this bank)","radio/television",1829,46,"own","Good"
12,"critical account/ other credits existing (not at this bank)","car (new)",2171,38,"own","Good"
36,"critical account/ other credits existing (not at this bank)","car (used)",5800,34,"own","Good"
18,"critical account/ other credits existing (not at this bank)","radio/television",1169,29,"own","Good"
36,"delay in paying off in the past","car (used)",8947,31,"own","Good"
21,"existing credits paid back duly till now","radio/television",2606,28,"rent","Good"
12,"critical account/ other credits existing (not at this bank)","furniture/equipment",1592,35,"own","Good"
15,"existing credits paid back duly till now","furniture/equipment",2186,33,"rent","Good"
18,"existing credits paid back duly till now","furniture/equipment",4153,42,"own","Bad"
16,"critical account/ other credits existing (not at this bank)","car (new)",2625,43,"rent","Bad"
20,"critical account/ other credits existing (not at this bank)","car (new)",3485,44,"own","Good"
36,"critical account/ other credits existing (not at this bank)","car (used)",10477,42,"for free","Good"
15,"existing credits paid back duly till now","radio/television",1386,40,"rent","Good"
24,"existing credits paid back duly till now","radio/television",1278,36,"own","Good"
12,"existing credits paid back duly till now","radio/television",1107,20,"rent","Good"
21,"existing credits paid back duly till now","car (new)",3763,24,"own","Good"
36,"existing credits paid back duly till now","education",3711,27,"own","Good"
15,"delay in paying off in the past","car (used)",3594,46,"own","Good"
9,"existing credits paid back duly till now","car (new)",3195,33,"own","Good"
36,"delay in paying off in the past","radio/television",4454,34,"own","Good"
24,"critical account/ other credits existing (not at this bank)","furniture/equipment",4736,25,"own","Bad"
30,"existing credits paid back duly till now","radio/television",2991,25,"own","Good"
11,"existing credits paid back duly till now","business",2142,28,"own","Good"
24,"all credits at this bank paid back duly","business",3161,31,"rent","Bad"
48,"no credits taken/ all credits paid back duly","others",18424,32,"own","Bad"
10,"existing credits paid back duly till now","car (used)",2848,32,"own","Good"
6,"existing credits paid back duly till now","car (new)",14896,68,"own","Bad"
24,"existing credits paid back duly till now","furniture/equipment",2359,33,"own","Bad"
24,"existing credits paid back duly till now","furniture/equipment",3345,39,"rent","Bad"
18,"critical account/ other credits existing (not at this bank)","furniture/equipment",1817,28,"own","Good"
48,"delay in paying off in the past","radio/television",12749,37,"own","Good"
9,"existing credits paid back duly till now","radio/television",1366,22,"rent","Bad"
12,"existing credits paid back duly till now","car (new)",2002,30,"rent","Good"
24,"all credits at this bank paid back duly","furniture/equipment",6872,55,"own","Bad"
12,"all credits at this bank paid back duly","car (new)",697,46,"own","Bad"
18,"critical account/ other credits existing (not at this bank)","furniture/equipment",1049,21,"rent","Good"
48,"existing credits paid back duly till now","car (used)",10297,39,"for free","Bad"
30,"existing credits paid back duly till now","radio/television",1867,58,"own","Good"
12,"delay in paying off in the past","car (new)",1344,43,"own","Good"
24,"existing credits paid back duly till now","furniture/equipment",1747,24,"own","Good"
9,"existing credits paid back duly till now","radio/television",1670,22,"own","Bad"
9,"critical account/ other credits existing (not at this bank)","car (new)",1224,30,"own","Good"
12,"critical account/ other credits existing (not at this bank)","radio/television",522,42,"own","Good"
12,"existing credits paid back duly till now","radio/television",1498,23,"own","Good"
30,"delay in paying off in the past","radio/television",1919,30,"own","Bad"
9,"existing credits paid back duly till now","radio/television",745,28,"own","Bad"
6,"existing credits paid back duly till now","radio/television",2063,30,"rent","Good"
60,"existing credits paid back duly till now","education",6288,42,"for free","Bad"
24,"critical account/ other credits existing (not at this bank)","car (used)",6842,46,"own","Good"
12,"existing credits paid back duly till now","car (new)",3527,45,"own","Good"
10,"existing credits paid back duly till now","car (new)",1546,31,"own","Good"
24,"existing credits paid back duly till now","furniture/equipment",929,31,"own","Good"
4,"critical account/ other credits existing (not at this bank)","car (new)",1455,42,"own","Good"
15,"existing credits paid back duly till now","furniture/equipment",1845,46,"rent","Good"
48,"no credits taken/ all credits paid back duly","car (new)",8358,30,"own","Good"
24,"all credits at this bank paid back duly","furniture/equipment",3349,30,"for free","Bad"
12,"existing credits paid back duly till now","car (new)",2859,38,"own","Good"
18,"existing credits paid back duly till now","furniture/equipment",1533,43,"own","Bad"
24,"existing credits paid back duly till now","radio/television",3621,31,"own","Bad"
18,"critical account/ other credits existing (not at this bank)","business",3590,40,"own","Good"
36,"delay in paying off in the past","business",2145,24,"own","Bad"
24,"existing credits paid back duly till now","car (used)",4113,28,"rent","Bad"
36,"existing credits paid back duly till now","furniture/equipment",10974,26,"own","Bad"
12,"existing credits paid back duly till now","car (new)",1893,29,"own","Good"
24,"critical account/ other credits existing (not at this bank)","radio/television",1231,57,"rent","Good"
30,"critical account/ other credits existing (not at this bank)","radio/television",3656,49,"own","Good"
9,"critical account/ other credits existing (not at this bank)","radio/television",1154,37,"own","Good"
28,"existing credits paid back duly till now","car (new)",4006,45,"own","Bad"
24,"existing credits paid back duly till now","furniture/equipment",3069,30,"for free","Good"
6,"critical account/ other credits existing (not at this bank)","radio/television",1740,30,"rent","Good"
21,"delay in paying off in the past","car (new)",2353,47,"own","Good"
15,"existing credits paid back duly till now","car (new)",3556,29,"own","Good"
24,"existing credits paid back duly till now","radio/television",2397,35,"own","Bad"
6,"existing credits paid back duly till now","repairs",454,22,"own","Good"
30,"existing credits paid back duly till now","radio/television",1715,26,"own","Good"
27,"critical account/ other credits existing (not at this bank)","radio/television",2520,23,"own","Bad"
15,"existing credits paid back duly till now","radio/television",3568,54,"rent","Good"
42,"existing credits paid back duly till now","radio/television",7166,29,"rent","Good"
11,"critical account/ other credits existing (not at this bank)","car (new)",3939,40,"own","Good"
15,"existing credits paid back duly till now","repairs",1514,22,"own","Good"
24,"existing credits paid back duly till now","car (new)",7393,43,"own","Good"
24,"all credits at this bank paid back duly","car (new)",1193,29,"rent","Bad"
60,"existing credits paid back duly till now","business",7297,36,"rent","Bad"
30,"critical account/ other credits existing (not at this bank)","radio/television",2831,33,"own","Good"
24,"existing credits paid back duly till now","radio/television",1258,57,"own","Good"
6,"existing credits paid back duly till now","radio/television",753,64,"own","Good"
18,"delay in paying off in the past","business",2427,42,"own","Good"
24,"delay in paying off in the past","car (new)",2538,47,"own","Bad"
15,"all credits at this bank paid back duly","car (new)",1264,25,"rent","Bad"
30,"critical account/ other credits existing (not at this bank)","furniture/equipment",8386,49,"own","Bad"
48,"existing credits paid back duly till now","business",4844,33,"rent","Bad"
21,"existing credits paid back duly till now","car (new)",2923,28,"own","Good"
36,"existing credits paid back duly till now","car (used)",8229,26,"own","Bad"
24,"critical account/ other credits existing (not at this bank)","furniture/equipment",2028,30,"own","Good"
15,"critical account/ other credits existing (not at this bank)","furniture/equipment",1433,25,"rent","Good"
42,"no credits taken/ all credits paid back duly","business",6289,33,"own","Good"
13,"existing credits paid back duly till now","radio/television",1409,64,"own","Good"
24,"existing credits paid back duly till now","car (used)",6579,29,"for free","Good"
24,"critical account/ other credits existing (not at this bank)","radio/television",1743,48,"own","Good"
12,"critical account/ other credits existing (not at this bank)","education",3565,37,"own","Good"
15,"all credits at this bank paid back duly","radio/television",1569,34,"own","Good"
18,"existing credits paid back duly till now","radio/television",1936,23,"rent","Good"
36,"existing credits paid back duly till now","furniture/equipment",3959,30,"own","Good"
12,"existing credits paid back duly till now","car (new)",2390,50,"own","Good"
12,"existing credits paid back duly till now","furniture/equipment",1736,31,"own","Good"
30,"existing credits paid back duly till now","car (used)",3857,40,"own","Good"
12,"existing credits paid back duly till now","radio/television",804,38,"own","Good"
45,"existing credits paid back duly till now","radio/television",1845,23,"for free","Bad"
45,"critical account/ other credits existing (not at this bank)","car (used)",4576,27,"own","Good"
